{
  "name": "BigBuilders",
  "description": "Cover this world with the constructs of man",
  "createdAtMillis": 1456272352460,
  "home": {
    "w": "world",
    "lx": -105.25049661350843,
    "ly": 69.0,
    "lz": -317.74036320438705,
    "p": 25.611094,
    "y": -187.88135
  }
}