{
  "name": "RENEGADES",
  "description": "IMMA RENEGADE - BENFUR",
  "createdAtMillis": 1456273456159,
  "home": {
    "w": "world",
    "lx": 419.94936712975795,
    "ly": 72.0,
    "lz": -535.5329543854177,
    "p": 17.849798,
    "y": -170.63062
  }
}