{
  "name": "SnowGolems",
  "createdAtMillis": 1458682084541,
  "home": {
    "w": "world",
    "lx": 575.2539615177494,
    "ly": 63.0,
    "lz": -364.4738743624215,
    "p": 27.75004,
    "y": -128.39934
  }
}