{
  "name": "BetterAtSmash",
  "description": "We are better than you at Smash",
  "createdAtMillis": 1461639729060,
  "home": {
    "w": "world",
    "lx": -3520.8527127269463,
    "ly": 81.0,
    "lz": 203.3936237592096,
    "p": 11.25012,
    "y": -94.30707
  }
}